id,hostname,created_time,condition,special_note
f3a4b5c6-d7e8-f9a0-b1c2-d3e4f5a6b7c8,clever_einstein,2024-08-11T10:30:00,1,Initial setup complete.
a4b5c6d7-e8f9-a0b1-c2d3-e4f5a6b7c8d9,eager_newton,2025-02-20T15:00:45,1,
b5c6d7e8-f9a0-b1c2-d3e4-f5a6b7c8d9e0,jolly_bohr,2024-11-05T08:22:15,2,Disk space is nearing 80% capacity.
c6d7e8f9-a0b1-c2d3-e4f5-a6b7c8d9e0f1,boring_darwin,2025-07-19T23:50:00,1,
d7e8f9a0-b1c2-d3e4-f5a6-b7c8d9e0f1a2,zen_curie,2025-01-01T12:00:00,1,
e8f9a0b1-c2d3-e4f5-a6b7-c8d9e0f1a2b3,goofy_hawking,2024-09-14T17:05:30,3,CPU utilization has been over 95% for 1 hour.
f9a0b1c2-d3e4-f5a6-b7c8-d9e0f1a2b3c4,modest_poincare,2025-05-30T06:40:10,1,
a0b1c2d3-e4f5-a6b7-c8d9-e0f1a2b3c4d5,quirky_turing,2024-12-12T19:00:00,2,Message queue depth is higher than normal.
b1c2d3e4-f5a6-b7c8-d9e0-f1a2b3c4d5e6,sharp_lovelace,2025-08-25T02:15:00,1,
c2d3e4f5-a6b7-c8d9-e0f1-a2b3c4d5e6f7,nice_babbage,2025-03-18T11:20:00,1,
d3e4f5a6-b7c8-d9e0-f1a2-b3c4d5e6f7a8,wizardly_galileo,2024-10-22T14:30:00,1,
e4f5a6b7-c8d9-e0f1-a2b3-b4c5d6e7f8a9,elegant_kepler,2025-06-07T18:45:00,1,
f5a6b7c8-d9e0-f1a2-b3c4-c5d6e7f8a9b0,happy_copernicus,2025-09-10T09:00:00,1,Pending OS security patches.
a6b7c8d9-e0f1-a2b3-c4d5-d6e7f8a9b0c1,brave_archimedes,2024-11-28T21:20:30,2,Intermittent high memory usage detected.
b7c8d9e0-f1a2-b3c4-d5e6-e7f8a9b0c1d2,hopeful_euclid,2025-04-03T13:10:00,1,
c8d9e0f1-a2b3-b4c5-f8a9-b0c1d2e3f4a5,funny_pythagoras,2025-07-28T00:00:00,1,
d9e0f1a2-b3c4-c5d6-a9b0-c1d2e3f4a5b6,silly_faraday,2025-01-14T03:45:00,1,
e0f1a2b3-c4d5-d6e7-b0c1-d2e3f4a5b6c7,flamboyant_maxwell,2024-08-19T16:55:00,1,
f1a2b3c4-d5e6-e7f8-c1d2-e3f4a5b6c7d8,awesome_pascal,2025-08-01T12:30:00,3,Node became unresponsive. Reboot required.
a2b3c4d5-e6f7-f8a9-d2e3-f4a5b6c7d8e9,lucid_fermat,2024-09-09T09:09:09,1,
b3c4d5e6-f7a8-a9b0-e3f4-a5b6c7d8e9f0,kind_euler,2025-02-02T22:22:22,1,
c4d5e6f7-a8b9-b0c1-f4a5-b6c7d8e9f0a1,elastic_nobel,2025-06-15T07:14:00,1,
d5e6f7a8-b9c0-c1d2-a5b6-c7d8e9f0a1b2,vigorous_dirac,2024-12-24T11:11:11,1,
e6f7a8b9-c0d1-d2e3-b6c7-d8e9f0a1b2c3,epic_heisenberg,2025-05-13T10:00:00,2,Replication lag detected.
f7a8b9c0-d1e2-e3f4-c7d8-e9f0a1b2c3d4,reverent_planck,2025-09-20T14:40:00,1,
a8b9c0d1-e2f3-f4a5-d8e9-f0a1b2c3d4e5,confident_schrodinger,2024-10-31T00:00:00,1,
b9c0d1e2-f3a4-a5b6-e9f0-a1b2c3d4e5f6,stoic_pauli,2025-07-04T17:30:00,1,
c0d1e2f3-a4b5-b6c7-f0a1-b2c3d4e5f6a7,vibrant_feynman,2025-03-25T05:00:00,1,
d1e2f3a4-b5c6-c7d8-a1b2-c3d4e5f6a7b8,friendly_oppenheimer,2024-11-15T19:25:00,1,
e2f3a4b5-c6d7-d8e9-b2c3-d4e5f6a7b8c9,dreamy_thomson,2025-08-08T08:08:08,3,GPU driver crashed. Needs investigation.
f3a4b5c6-d7e8-e9f0-c3d4-e5f6a7b8c9d0,focused_rutherford,2025-02-11T20:40:00,1,
a4b5c6d7-e8f9-f0a1-d4e5-f6a7b8c9d0e1,relaxed_galvani,2025-06-22T02:00:00,1,
b5c6d7e8-f9a0-a1b2-e5f6-a7b8c9d0e1f2,determined_volta,2024-12-01T01:01:01,1,
c6d7e8f9-a0b1-b2c3-f6a7-b8c9d0e1f2a3,practical_hertz,2025-09-01T13:13:13,1,
d7e8f9a0-b1c2-c3d4-a7b8-c9d0e1f2a3b4,trusting_marconi,2025-04-12T16:00:00,1,
e8f9a0b1-c2d3-d4e5-b8c9-d0e1f2a3b4c5,romantic_bell,2024-10-01T10:10:10,2,Network latency is higher than the SLA.
f9a0b1c2-d3e4-e5f6-c9d0-e1f2a3b4c5d6,amazing_edison,2025-01-20T18:30:00,1,
a0b1c2d3-e4f5-f6a7-d0e1-f2a3b4c5d6e7,inspiring_tesla,2025-05-21T21:45:00,1,
b1c2d3e4-f5a6-a7b8-e1f2-a3b4c5d6e7f8,naughty_franklin,2025-08-30T15:00:00,1,
c2d3e4f5-a6b7-b8c9-f2a3-b4c5d6e7f8a9,hungry_davinci,2024-11-18T06:50:00,1,
d3e4f5a6-b7c8-c9d0-a3b4-c5d6e7f8a9b0,thirsty_montalcini,2025-07-11T12:12:12,1,
e4f5a6b7-c8d9-d0e1-b4c5-d6e7f8a9b0c1,objective_hodgkin,2025-03-03T03:03:03,1,
f5a6b7c8-d9e0-e1f2-c5d6-e7f8a9b0c1d2,keen_pasteur,2024-09-25T23:23:23,1,
a6b7c8d9-e0f1-f2a3-d6e7-f8a9b0c1d2e3,upbeat_goodall,2025-06-01T00:00:00,1,
b7c8d9e0-f1a2-a3b4-e7f8-a9b0c1d2e3f4,youthful_carson,2025-02-28T14:44:00,1,
c8d9e0f1-a2b3-b4c5-f8a9-b0c1d2e3f4a5,nostalgic_sagan,2024-12-15T19:55:00,1,
d9e0f1a2-b3c4-c5d6-a9b0-c1d2e3f4a5b6,serene_minsky,2025-09-18T11:30:00,2,Certificate expiring in 10 days.
e0f1a2b3-c4d5-d6e7-b0c1-d2e3f4a5b6c7,sleepy_neumann,2025-04-01T12:00:00,1,
f1a2b3c4-d5e6-e7f8-c1d2-e3f4a5b6c7d8,frosty_williams,2025-08-15T09:15:00,1,
a2b3c4d5-e6f7-f8a9-d2e3-f4a5b6c7d8e9,priceless_stallman,2024-10-05T22:00:00,3,HDFS service is down.